Workbook

Sheet F1
A1: Brand | B1: Logo Brand (nome file immagine) Dim.: 500 x 150 pixel | C1: Tipologia | D1: Serie | E1: Foto serie (nome file immagine) Dim.: 500 x 250 pixel | F1: Modello | G1: Foto modello (nome file immagine) Dim.: 500 x 250 pixel | H1: Descrizione
A2: CLEVER | B2: clever24.jpg | C2: Van 5,40m tetto h2 | D2: Drive Line | F2: Drive 540 Fiat | H2: da 51.499€
A3: CLEVER | B3: clever24.jpg | C3: Van 5,40m tetto h2 | D3: Drive Line | F3: Drive 540 Citroen | H3: da 51.499€
A4: CLEVER | B4: clever24.jpg | C4: Van 5,99m tetto h2 | D4: Drive Line | F4: Drive 600 Fiat | H4: da 52.799€
A5: CLEVER | B5: clever24.jpg | C5: Van 5,99m tetto h2 | D5: Drive Line | F5: Drive 600 Citroen | H5: da 52.799€
A6: CLEVER | B6: clever24.jpg | C6: Van 5,99m tetto h2 | D6: Drive Line | F6: Drive 600 Kids Fiat | H6: da 53.299€
A7: CLEVER | B7: clever24.jpg | C7: Van 5,99m tetto h2 | D7: Drive Line | F7: Drive 600 Kids Citroen | H7: da 53.299€
A8: CLEVER | B8: clever24.jpg | C8: Van 5,40m tetto h2 | D8: Drive Line | F8: Duo 540 Fiat | H8: da 49.999€
A9: CLEVER | B9: clever24.jpg | C9: Van 5,40m tetto h2 | D9: Drive Line | F9: Duo 540 Citroen | H9: da 49.999€
A10: CLEVER | B10: clever24.jpg | C10: Van 5,99m tetto h2 | D10: Drive Line | F10: Duo 600 Fiat | H10: da 51.499€
A11: CLEVER | B11: clever24.jpg | C11: Van 5,99m tetto h2 | D11: Drive Line | F11: Duo 600 Citroen | H11: da 51.499€
A12: CLEVER | B12: clever24.jpg | C12: Van 5,40m tetto h2 | D12: Select Line | F12: Tour 540 Fiat | H12: da 57.299€
A13: CLEVER | B13: clever24.jpg | C13: Van 5,40m tetto h2 | D13: Select Line | F13: Tour 540 Citroen | H13: da 57.299€
... A22: CLEVER | B22: clever24.jpg | C22: Van 5,93m Mercedes Sprinter | D22: Ultima Line | F22: Aventuro 600 Mercedes | H22: da 98.999€

Sheet F2
A1: VEICOLI | B1: =F1!F2 -> Drive 540 Fiat | C1: =F1!F3 -> Drive 540 Citroen | D1: =F1!F4 -> Drive 600 Fiat | E1: =F1!F5 -> Drive 600 Citroen | F1: =F1!F6 -> Drive 600 Kids Fiat | G1: =F1!F7 -> Drive 600 Kids Citroen | H1: =F1!F8 -> Duo 540 Fiat | I1: =F1!F9 -> Duo 540 Citroen | J1: =F1!F10 -> Duo 600 Fiat | K1: =F1!F11 -> Duo 600 Citroen | L1: =F1!F12 -> Tour 540 Fiat | M1: =F1!F13 -> Tour 540 Citroen | N1: =F1!F14 -> Celebration 600 Fiat | O1: =F1!F15 -> Celebration 600 Citroen | P1: =F1!F16 -> Spirit 600 Fiat | Q1: =F1!F17 -> Spirit 600 Citroen | R1: =F1!F18 -> Runner 636 Fiat | S1: =F1!F19 -> Runner 636 Citroen | T1: =F1!F20 -> Runner 636 Active Fiat | U1: =F1!F21 -> Runner 636 Active Citroen | V1: =F1!F22 -> Aventuro 600 Mercedes
A2: MECCANICHE
A3: Fiat Ducato 35 Light 2.2 140 CV cambio manuale | B3: 51499 | D3: 52799 | F3: 53299 | H3: 49999 | J3: 51499 | L3: 57299 | N3: 57999 | P3: 58499 | R3: 59999 | T3: 61999
A4: Citroen Jumper 35 Light 2.2 140 CV cambio manuale | C4: 51499 | E4: 52799 | G4: 53299 | I4: 49999 | K4: 51499 | M4: 57299 | O4: 57999 | Q4: 58499 | S4: 59999 | U4: 61999
A5: Mercedes Sprinter 319 CDI 190 CV 3,5t cambio automatico | V5: 98999
A6: ACCESSORI
A7: Messa in strada e trasporto | B7: 2500 | C7: 2500 | D7: 2500 | E7: 2500 | F7: 2500 | G7: 2500 | H7: 2500 | I7: 2500 | J7: 2500 | K7: 2500 | L7: 2500 | M7: 2500 | N7: 2500 | O7: 2500 | P7: 2500 | Q7: 2500 | R7: 2500 | S7: 2500 | T7: 2500 | U7: 2500 | V7: 2500
A8: *Cambio automatico AT8 (140 CV) | B8: 3759 | C8: 3759 | D8: 3759 | E8: 3759 | F8: 3759 | G8: 3759 | H8: 3759 | I8: 3759 | J8: 3759 | K8: 3759 | L8: 3759 | M8: 3759 | N8: 3759 | O8: 3759 | P8: 3759 | Q8: 3759 | R8: 3759 | S8: 3759 | T8: 3759 | U8: 3759
A9: *Motore 2.2 180 CV con cambio automatico AT8 | B9: 5849 | C9: 5849 | D9: 5849 | E9: 5849 | F9: 5849 | G9: 5849 | H9: 5849 | I9: 5849 | J9: 5849 | K9: 5849 | L9: 5849 | M9: 5849 | N9: 5849 | O9: 5849 | P9: 5849 | Q9: 5849 | R9: 5849 | S9: 5849 | T9: 5849 | U9: 5849
A10: *Telaio Maxi (Fiat) / Heavy (Citroen) 3,5t (solo 5,99m e 6,36m) | D10: 419 | E10: 419 | F10: 419 | G10: 419 | J10: 419 | K10: 419 | N10: 419 | O10: 419 | P10: 419 | Q10: 419 | R10: 419 | S10: 419 | T10: 419 | U10: 419
A11: *Colore carrozzeria: Bianco | B11: 0 | C11: 0 | D11: 0 | E11: 0 | F11: 0 | G11: 0 | H11: 0 | I11: 0 | J11: 0 | K11: 0 | L11: 0 | M11: 0 | N11: 0 | O11: 0 | P11: 0 | Q11: 0 | R11: 0 | S11: 0 | T11: 0 | U11: 0
A12: *Colore carrozzeria: Grigio Artense metallizzato | B12: 729 | C12: 729 | D12: 729 | E12: 729 | F12: 729 | G12: 729 | H12: 729 | I12: 729 | J12: 729 | K12: 729 | L12: 729 | M12: 729 | N12: 729 | O12: 729 | P12: 729 | Q12: 729 | R12: 729 | S12: 729 | T12: 729 | U12: 729
A13: *Colore carrozzeria: Grigio Ferro metallizzato | B13: 729 | C13: 729 | D13: 729 | E13: 729 | F13: 729 | G13: 729 | H13: 729 | I13: 729 | J13: 729 | K13: 729 | L13: 729 | M13: 729 | N13: 729 | O13: 729 | P13: 729 | Q13: 729 | R13: 729 | S13: 729 | T13: 729 | U13: 729
A14: *Colore carrozzeria: Nero metallizzato (Citroen Grigio Grafite) | B14: 729 | C14: 729 | D14: 729 | E14: 729 | F14: 729 | G14: 729 | H14: 729 | I14: 729 | J14: 729 | K14: 729 | L14: 729 | M14: 729 | N14: 729 | O14: 729 | P14: 729 | Q14: 729 | R14: 729 | S14: 729 | T14: 729 | U14: 729
A15: *Colore carrozzeria: Grigio Campovolo | B15: 629 | D15: 629 | F15: 629 | H15: 629 | J15: 629 | L15: 629 | N15: 629 | P15: 629 | R15: 629 | T15: 629
A16: *Colore carrozzeria: Grigio Lanzarote | B16: 629 | D16: 629 | F16: 629 | H16: 629 | J16: 629 | L16: 629 | N16: 629 | P16: 629 | R16: 629 | T16: 629
A17: *Colore carrozzeria: Grigio Expedition | C17: 629 | E17: 629 | G17: 629 | I17: 629 | K17: 629 | M17: 629 | O17: 629 | Q17: 629 | S17: 629 | U17: 629
A18: *Colore carrozzeria: Grigio Thunder | C18: 629 | E18: 629 | G18: 629 | I18: 629 | K18: 629 | M18: 629 | O18: 629 | Q18: 629 | S18: 629 | U18: 629
A19: *Colore carrozzeria: Bianco artico | V19: 0
A20: *Colore carrozzeria: Grigio blu | V20: 0
A21: *Colore carrozzeria: Grigio argento | V21: 0
A22: *Colore carrozzeria: Blu Cavansite metallizzato | V22: 2479
A23: *Colore carrozzeria: Argento Hightech metallizzato | V23: 2479
A24: *Colore carrozzeria: Nero Ossidiana metallizzato | V24: 2479
A25: *Colore carrozzeria: Grigio Selenite metallizzato | V25: 2479
A26: *Colore carrozzeria: Grigio Tenorite | V26: 2479
A27: *Colore carrozzeria: Grigio Muschio | V27: 2479
A28: *Pacchetto Premium Citroen | C28: 2609 | E28: 2609 | G28: 2609 | I28: 2609 | K28: 2609 | M28: 2609 | O28: 2609 | Q28: 2609 | S28: 2609 | U28: 2609
A29: *Cruise control adattivo con pacchetto Safety | B29: 569 | D29: 569 | F29: 569 | H29: 569 | J29: 569 | L29: 569 | N29: 569 | P29: 569 | R29: 569 | T29: 569
A30: *Retrocamera originale | B30: 339 | D30: 339 | F30: 339 | H30: 339 | J30: 339 | L30: 339 | N30: 339 | P30: 339 | R30: 339 | T30: 339
A31: *Fendinebbia con paraurti anteriore verniciato | B31: 629 | D31: 629 | F31: 629 | H31: 629 | J31: 629 | L31: 629 | N31: 629 | P31: 629 | R31: 629
A32: *Fendinebbia con allargamento passaruota | T32: 629
A33: *Pacchetto Lounge | B33: 1399 | D33: 1399 | F33: 1399 | H33: 1399 | J33: 1399 | L33: 1399 | N33: 1399 | P33: 1399 | R33: 1399 | T33: 1399
A34: *Pacchetto Lounge con radio 10 pollici e navigatore | B34: 1039 | D34: 1039 | F34: 1039 | H34: 1039 | J34: 1039 | L34: 1039 | N34: 1039 | P34: 1039 | R34: 1039 | T34: 1039
A35: *Pacchetto Bicolor | B35: 1039 | D35: 1039 | F35: 1039 | H35: 1039 | J35: 1039
A36: *Assale posteriore a doppia balestra | B36: 159 | C36: 159 | D36: 159 | E36: 159 | F36: 159 | G36: 159 | H36: 159 | I36: 159 | J36: 159 | K36: 159 | L36: 159 | M36: 159 | N36: 159 | O36: 159 | P36: 159 | Q36: 159 | R36: 159 | S36: 159 | T36: 159 | U36: 159
A37: *Freno di stazionamento elettrico | B37: 549 | C37: 549 | D37: 549 | E37: 549 | F37: 549 | G37: 549 | H37: 549 | I37: 549 | J37: 549 | K37: 549 | L37: 549 | M37: 549 | N37: 549 | O37: 549 | P37: 549 | Q37: 549 | R37: 549 | S37: 549 | T37: 549 | U37: 549
A38: *Parabrezza riscaldato | B38: 519 | C38: 519 | D38: 519 | E38: 519 | F38: 519 | G38: 519 | H38: 519 | I38: 519 | J38: 519 | K38: 519 | L38: 519 | M38: 519 | N38: 519 | O38: 519 | P38: 519 | Q38: 519 | R38: 519 | S38: 519 | T38: 519 | U38: 519
A39: *Fari full LED | B39: 1039 | C39: 1039 | D39: 1039 | E39: 1039 | F39: 1039 | G39: 1039 | H39: 1039 | I39: 1039 | J39: 1039 | K39: 1039 | L39: 1039 | M39: 1039 | N39: 1039 | O39: 1039 | P39: 1039 | Q39: 1039 | R39: 1039 | S39: 1039 | T39: 1039 | U39: 1039
A40: *Pacchetto Vision livello 1 | B40: 259 | C40: 259 | D40: 259 | E40: 259 | F40: 259 | G40: 259 | H40: 259 | I40: 259 | J40: 259 | K40: 259 | L40: 259 | M40: 259 | N40: 259 | O40: 259 | P40: 259 | Q40: 259 | R40: 259 | S40: 259 | T40: 259 | U40: 259
A41: *Pacchetto Vision livello 2 | B41: 939 | C41: 939 | D41: 939 | E41: 939 | F41: 939 | G41: 939 | H41: 939 | I41: 939 | J41: 939 | K41: 939 | L41: 939 | M41: 939 | N41: 939 | O41: 939 | P41: 939 | Q41: 939 | R41: 939 | S41: 939 | T41: 939 | U41: 939
A42: *Sensori pioggia e luce | B42: 289 | C42: 289 | D42: 289 | E42: 289 | F42: 289 | G42: 289 | H42: 289 | I42: 289 | J42: 289 | K42: 289 | L42: 289 | M42: 289 | N42: 289 | O42: 289 | P42: 289 | Q42: 289 | R42: 289 | S42: 289 | T42: 289 | U42: 289
A43: *Seconda chiave con telecomando | B43: 99 | C43: 99 | D43: 99 | E43: 99 | F43: 99 | G43: 99 | H43: 99 | I43: 99 | J43: 99 | K43: 99 | L43: 99 | M43: 99 | N43: 99 | O43: 99 | P43: 99 | Q43: 99 | R43: 99 | S43: 99 | T43: 99 | U43: 99
A44: *Pacchetto telaio Premium (+52 kg) | V44: 5329
A45: *Pacchetto telaio Premium Plus (+52 kg) | V45: 6169
A46: *Pacchetto inverno | V46: 869
A47: *Binari di fissaggio per portapacchi (+4 kg) | V47: 519
A48: *Aumento massa a 4,1 t (+18 kg) | V48: 4179
A49: *Gancio traino fisso fino a 2,8 t | V49: 1879
A50: *Tetto a soffietto bianco con oblo' 50x70, illuminazione LED e presa USB | L50: 6269 | M50: 6269 | N50: 6269 | O50: 6269 | P50: 6269 | Q50: 6269 | R50: 6269 | S50: 6269 | T50: 6269 | U50: 6269
A51: *Tetto a soffietto nel colore del veicolo con oblo' 50x70, illuminazione LED e presa USB | L51: 7319 | M51: 7319 | N51: 7319 | O51: 7319 | P51: 7319 | Q51: 7319 | R51: 7319 | S51: 7319 | T51: 7319 | U51: 7319
A52: *Tetto a soffietto nero con oblo' 50x70, illuminazione LED e presa USB | L52: 7319 | M52: 7319 | N52: 7319 | O52: 7319 | P52: 7319 | Q52: 7319 | R52: 7319 | S52: 7319 | T52: 7319 | U52: 7319
A53: *Tetto a soffietto bianco per Skyroof, illuminazione LED e presa USB (senza oblo') | L53: 6269 | M53: 6269 | N53: 6269 | O53: 6269 | P53: 6269 | Q53: 6269 | R53: 6269 | S53: 6269 | T53: 6269 | U53: 6269
A54: *Tetto a soffietto nel colore del veicolo per Skyroof, illuminazione LED e presa USB (senza oblo') | L54: 7319 | M54: 7319 | N54: 7319 | O54: 7319 | P54: 7319 | Q54: 7319 | R54: 7319 | S54: 7319 | T54: 7319 | U54: 7319
A55: *Tetto a soffietto nero per Skyroof, illuminazione LED e presa USB (senza oblo') | L55: 7319 | M55: 7319 | N55: 7319 | O55: 7319 | P55: 7319 | Q55: 7319 | R55: 7319 | S55: 7319 | T55: 7319 | U55: 7319
A56: *Tetto a soffietto nero (lati neri, sopra bianco) con oblo' 50x70, rete Froli per materasso, anticaduta, rete panoramica | V56: 7529
A57: *Senza decoro e scritte esterne | L57: 0 | M57: 0 | N57: 0 | O57: 0 | P57: 0 | Q57: 0 | R57: 0 | S57: 0 | T57: 0 | U57: 0
A58: *Veranda Thule nera (non con tetto a soffietto) | L58: 1459 | M58: 1459 | N58: 1459 | O58: 1459 | P58: 1459 | Q58: 1459 | R58: 1459 | S58: 1459 | T58: 1459 | U58: 1459
A59: *Impianto solare 120W con regolatore e app Bluetooth (non con tetto a soffietto) | L59: 939 | M59: 939 | N59: 939 | O59: 939 | P59: 939 | Q59: 939 | R59: 939 | S59: 939 | T59: 939 | U59: 939 | V59: 939
A60: *Impianto solare 240W con regolatore e app Bluetooth (non con tetto a soffietto) | L60: 1359 | M60: 1359 | N60: 1359 | O60: 1359 | P60: 1359 | Q60: 1359 | R60: 1359 | S60: 1359 | T60: 1359 | U60: 1359 | V60: 1359
A61: *Gradini elettrici cabina e porta scorrevole con chiusura elettrica e illuminazione | V61: 4599
A62: *Doccia esterna | L62: 309 | M62: 309 | N62: 309 | O62: 309 | P62: 309 | Q62: 309 | R62: 309 | S62: 309 | T62: 309 | U62: 309 | V62: 309
A63: *Oblo' 28x28 cm bagno | L63: 209 | M63: 209 | N63: 209 | O63: 209 | P63: 209 | Q63: 209 | R63: 209 | S63: 209 | T63: 209 | U63: 209 | V63: 209
A64: *Oblo' 70x50 cm posteriore | L64: 629 | M64: 629 | N64: 629 | O64: 629 | P64: 629 | Q64: 629 | R64: 629 | S64: 629 | T64: 629 | U64: 629 | V64: 629
A65: *Skyroof (senza telaio e illuminazione dell'oblo') | L65: 2089 | M65: 2089 | N65: 2089 | O65: 2089 | P65: 2089 | Q65: 2089 | R65: 2089 | S65: 2089 | T65: 2089 | U65: 2089
A66: *Maxxfan Deluxe con termostato, oscurante e telecomando | L66: 629 | M66: 629 | N66: 629 | O66: 629 | P66: 629 | Q66: 629 | R66: 629 | S66: 629 | T66: 629 | U66: 629 | V66: 629
A67: *Finestra a filo Seitz scorrevole posteriore lato passeggero | L67: 629 | M67: 629 | N67: 629 | O67: 629 | P67: 629 | Q67: 629 | V67: 629
A68: *Finestra a filo Seitz D Lux a compasso posteriore lato conducente | L68: 519 | M68: 519 | N68: 519 | O68: 519 | P68: 519 | Q68: 519 | R68: 519 | S68: 519 | T68: 519 | U68: 519
A69: *Finestra a filo Seitz D Lux a compasso posteriore lato passeggero | R69: 519 | S69: 519 | T69: 519 | U69: 519
A70: *Terzo letto zona giorno sulla panca di serie | L70: 469 | M70: 469 | N70: 469 | O70: 469 | P70: 469 | Q70: 469 | R70: 469 | S70: 469 | T70: 469 | U70: 469
A71: *Letti posteriori in alto | L71: 0 | M71: 0 | N71: 0 | O71: 0 | P71: 0 | Q71: 0 | R71: 1149 | S71: 1149 | T71: 1149 | U71: 1149
A72: *Eliminazione vano portaoggetti sopra la cabina | L72: 1039 | M72: 1039 | N72: 1039 | O72: 1039 | P72: 1039 | Q72: 1039 | R72: 1039 | S72: 1039 | T72: 1039 | U72: 1039
A73: *Frigorifero in basso per una visuale continua | L73: 0 | M73: 0 | N73: 569 | O73: 569 | P73: 0 | Q73: 0 | R73: 569 | S73: 569 | T73: 569 | U73: 569
A74: *Sedile singolo con cintura (possibile aumento di massa) | V74: 1039
A75: *Panca Pilota con braccioli e Isofix a sinistra e a destra | L75: 2089 | M75: 2089 | N75: 2089 | O75: 2089 | P75: 2089 | Q75: 2089 | R75: 2089 | S75: 2089 | T75: 2089 | U75: 2089
A76: *Due sedili con cintura (1+1) (possibile aumento di massa) | V76: 2089
A77: *Sedile singolo aggiuntivo estraibile alla porta scorrevole (blocco cucina accorciato) | N77: 2089 | O77: 2089 | R77: 2089 | S77: 2089 | T77: 2089 | U77: 2089
A78: *Isofix sulla panca di serie (sinistra e destra) o sui sedili singoli | L78: 309 | M78: 309 | N78: 309 | O78: 309 | P78: 309 | Q78: 309 | R78: 309 | S78: 309 | T78: 309 | U78: 309
A79: *Bagno scorrevole | N79: 839 | O79: 839 | R79: 839 | S79: 839 | T79: 839 | U79: 839
A80: *Cassetto estraibile sotto la panca | L80: 419 | M80: 419 | N80: 419 | O80: 419 | P80: 419 | Q80: 419 | R80: 419 | S80: 419 | T80: 419 | U80: 419
A81: *Toilette a separazione secca | L81: 519 | M81: 519 | N81: 519 | O81: 519 | P81: 519 | Q81: 519 | R81: 519 | S81: 519 | T81: 519 | U81: 519 | V81: 519
A82: *Pedana per il piatto doccia | L82: 209 | M82: 209 | N82: 209 | O82: 209 | P82: 209 | Q82: 209 | R82: 209 | S82: 209 | T82: 209 | U82: 209 | V82: 209
A83: *Coprimaterasso su misura per il materasso di serie | V83: 89
A84: *Materasso Comfort a 2 strati con topper integrato in schiuma fredda | L84: 209 | M84: 209 | N84: 209 | O84: 209 | P84: 209 | Q84: 209 | R84: 209 | S84: 209 | T84: 209 | U84: 209
A85: *Gradino richiudibile sulla paratia | L85: 209 | M85: 209 | N85: 209 | O85: 209 | P85: 209 | Q85: 209 | R85: 209 | S85: 209 | T85: 209 | U85: 209
A86: *Gradino estraibile sulla paratia | V86: 209
A87: *Batteria al litio 210Ah con booster di ricarica rinforzato | L87: 779 | M87: 779 | N87: 779 | O87: 779 | P87: 779 | Q87: 779 | R87: 779 | S87: 779 | T87: 779 | U87: 779 | V87: 779
A88: *Batteria al litio 320Ah al posto della 100Ah con booster di ricarica rinforzato | L88: 1459 | M88: 1459 | N88: 1459 | O88: 1459 | P88: 1459 | Q88: 1459 | R88: 1459 | S88: 1459 | T88: 1459 | U88: 1459 | V88: 1459
A89: *Doppio attacco gas | L89: 419 | M89: 419 | N89: 419 | O89: 419 | P89: 419 | Q89: 419 | R89: 419 | S89: 419 | T89: 419 | U89: 419 | V89: 419
A90: *Riscaldamento Truma C6 gas + elettrico | L90: 839 | M90: 839 | N90: 839 | O90: 839 | P90: 839 | Q90: 839 | R90: 839 | S90: 839 | T90: 839 | U90: 839
A91: *Riscaldamento Truma C6 diesel | L91: 1249 | M91: 1249 | N91: 1249 | O91: 1249 | P91: 1249 | Q91: 1249 | R91: 1249 | S91: 1249 | T91: 1249 | U91: 1249
A92: *Riscaldamento Truma C6 diesel + elettrico | L92: 1459 | M92: 1459 | N92: 1459 | O92: 1459 | P92: 1459 | Q92: 1459 | R92: 1459 | S92: 1459 | T92: 1459 | U92: 1459
A93: *Riscaldamento a gas sotto la panca (alzacristalli elettrici obbligatori) | L93: 519 | M93: 519 | N93: 519 | O93: 519 | P93: 519 | Q93: 519 | R93: 519 | S93: 519 | T93: 519 | U93: 519
A94: *Riscaldamento diesel sotto la panca (alzacristalli elettrici obbligatori) | L94: 519 | M94: 519 | N94: 519 | O94: 519 | P94: 519 | Q94: 519 | R94: 519 | S94: 519 | T94: 519 | U94: 519
A95: *Sedili riscaldati | L95: 629 | M95: 629 | N95: 629 | O95: 629 | P95: 629 | Q95: 629 | R95: 629 | S95: 629 | T95: 629 | U95: 629
A96: *Frigorifero Vitrifrigo Twin Tower | N96: 1039 | O96: 1039 | R96: 1039 | S96: 1039 | T96: 1039 | U96: 1039
A97: *Illuminazione indiretta a LED | L97: 679 | M97: 679 | N97: 679 | O97: 679 | P97: 679 | Q97: 679 | R97: 679 | S97: 679 | T97: 679 | U97: 679 | V97: 679
A98: *Faretto touch aggiuntivo al tavolo | L98: 59 | M98: 59 | N98: 59 | O98: 59 | P98: 59 | Q98: 59 | R98: 59 | S98: 59 | T98: 59 | U98: 59
A99: *2 faretti aggiuntivi con presa USB C per il letto | L99: 179 | M99: 179 | N99: 179 | O99: 179 | P99: 179 | Q99: 179 | R99: 179 | S99: 179 | T99: 179 | U99: 179
A100: *Faretti touch a sinistra e a destra nel mobile sopra la cabina | V100: 119
...
